donnee;code;libelle;libelle_gb
CSA5;1;boisée fermée;closed forest canopy
CSA5;3;boisée ouverte;open forest canopy
CSA5;4L;lande ligneuse;heathland
CSA5;5;peupleraie;poplar grove
CSA5;6A;autre végétation;other vegetation
CSA5;6H;formation herbacée;herbaceous formation
CSA5;7;artificialisée sans végétation;artificial field without vegetation
CSA5;8;naturelle sans végétation;natural field without vegetation
CSA5;9;eau continentale;continental water
DC5;0;pas de coupe;no cut
DC5;1;plus de 90 % du couvert;over 90% of the cover
DC5;2;de 50 à 90 % du couvert;50 to 90% of the cover
DC5;3;de 15 à 50 % du couvert;15 to 50% of the cover
DC5;4;moins de 15 % du couvert;less than 15% of the cover
INCID5;0;Pas de degats;no damage
INCID5;1;moins de 25 % de dégâts;less than 25% of damage
INCID5;2;de 25 à 50 % de dégâts;25 to 50% of damage
INCID5;3;de 50 à 75 % de dégâts;50 to 75% of damage
INCID5;4;plus de 75 % de dégâts;over 75% of damage
NINCID5;0;pas d’incident;no incident
NINCID5;1;incendie;forest fire
NINCID5;2;mortalité;mortality
NINCID5;3;mouvement de terrain;landslide
NINCID5;4;tempête;storm
NINCID5;5;autre incident;other incident
