donnee;code;libelle;libelle_gb
CSA5;0;Hors territoire;Out of territory
CSA5;1;Couverture boisee fermee;closed forest canopy
CSA5;2;Bosquet;copse
CSA5;3;Couverture boisee ouverte;open forest canopy
CSA5;4;Lande;moor
CSA5;5;Peupleraie;poplar grove
CSA5;6;Autre vegetation;other vegetation
CSA5;7;Terrain artificialise sans vegetation;artificial field without vegetation
CSA5;8;Terrain naturel sans vegetation;natural field without vegetation
CSA5;9;Eau continentale;continental water
INCID5;0;Pas de degats;no damage
INCID5;1;moins de 25 % de dégâts;less than 25% of damage
INCID5;2;de 25 à 50 % de dégâts;25 to 50% of damage
INCID5;3;de 50 à 75 % de dégâts;50 to 75% of damage
INCID5;4;plus de 75 % de dégâts;over 75% of damage
PRELEV5;0;Aucune souche;no stump
PRELEV5;1;Au moins une souche;at least one stump
PRELEV5;2;Coupe rase;clearcut
